{
  "nanmuru|be(come) visible": "amāru I",
  "na₁|sunset to moonset": "",
  "GÌR-ár-šá-A|β Virginis": "",
  "Kakkabu-peṣû|Jupiter": "kakkabu I",
  "nanmuru|meet (with)": "amāru I",
  "na|sunrise to moonset": "",
  "erēpu|be(come) overcast": "erēpu I",
  "pisannu|(a meterological phenomenon)": "pišannu I",
  "MAŠ.MAŠ-ár|β Geminorum": "",
  "ŠÁR|gusty(?)": "",
  "zi-im-šá-ŠÀ-ALLA|Praesepe": "",
  "ZI|(meaning unclear)": "",
  "IR|(meaning unclear)": "",
  "SI₄|α Scorpii": "",
  "GIŠ.KUN-A|ϑ Leonis": "",
  "RÍN-šá-SI|β Librae": "",
  "UŠ|time degree": "",
  "SI-MÁŠ|β Capricorni": "",
  "mahīru|price (equivalent)": "mahīru I",
  "kurru|kor (180 litres)": "kurru I",
  "amāru|be(come) visible": "amāru I",
  "DIB|(meaning unclear)": "",
  "pānu|bushel (36 litres)": "pānu II",
  "DUL|(meaning unclear)": "",
  "UGU.ME|a weather phenomenon (?)": "",
  "ina|around (day x)": "ina I",
  "nahāsu|be(come) back": "nahāsu I",
  "ṣabātu|cover (the sky)": "ṣabātu I",
  "qû|(one) litre": "qû II",
  "šamnu|oil": "šamnu I",
  "MÚL-KUR-šá-DUR-nu-nu|η Piscium": "",
  "DELE-šá-IGI-ABSIN|γ Virginis": "",
  "MÚL-KUR-šá-KIR₄-šil-PA|ϑ Ophiuchi": "",
  "MÚL-IGI-šá-SAG-HUN|β Arietis": "",
  "KUR|moonrise to sunrise": "",
  "ina|at": "ina I",
  "bābtu|remainder(?)": "bābtu II",
  "ŠUR-GIGIR-šá-ULÙ|ζ Tauri": "",
  "MAŠ.MAŠ-IGI|α Geminorum": "",
  "SA₄-šá-ABSIN|α Virginis": "",
  "MÚL-IGI-šá-še-pít-MAŠ.MAŠ|η Geminorum": "",
  "SUHUR-MÁŠ|γ/δ Capricorni": "",
  "Paini|Paini": "",
  "MÚL-ár-šá-SAG-HUN|α Arietis": "",
  "RÍN-šá-ULÙ|α Librae": "",
  "urrup|be(come) very overcast": "erēpu I",
  "ŠUR-GIGIR-šá-SI|β Tauri": "",
  "MÚL-ár-šá-še-pit-MAŠ.MAŠ|μ Geminorum": "",
  "MÚL-MURUB₄-šá-SAG-GÍR.TAB|δ Scorpii": "",
  "MÚL-ár-šá-SUHUR-MÁŠ|δ Capricorni": "",
  "MÚL-TUR-šá-4-KÙŠ-ár-LUGAL|ρ Leonis": "",
  "ginû|regular contribution (to the temple)": "ginû I",
  "MÚL-ár-šá-ALLA-šá-ULÙ|δ Cancri": "",
  "MÚL-IGI-šá-SUHUR-MÁŠ|γ Capricorni": "",
  "MÚL-ár-šá-še-pít-MAŠ.MAŠ|μ Geminorum": "",
  "MÚL-ár-šá-ALLA-šá-SI|γ Cancri": "",
  "SAG-A|ε Leonis": "",
  "KI.MIN|ditto": "",
  "ūmu|sunset to moonrise": "ūmu I",
  "Bēltu|Bēltu": "Beltu I",
  "lišlim|be(come) well": "šalāmu II",
  "Arses|Arses": "",
  "Uballissu-Bēl|Uballissu-Bēl": "",
  "Bēl-apla-iddin|Bēl-apla-iddin": "",
  "is-le₁₀|α Tauri": "",
  "qablītu|middle watch (of the night)": "qablītu I",
  "adi|around (day x)": "adi I",
  "na|na-gauge": "",
  "SAG-GÍR.TAB|β/δ Scorpii": "",
  "MAŠ.MAŠ-šá-SIPA|γ Geminorum": "",
  "Iamanāya|Ionian": "",
  "na|rising to sunrise": "",
  "Pallukatu|Pallukat canal": "",
  "Mušallim-Bēl|Mušallim-Bēl": "Mušallim-Bel I",
  "miqit-išāti|fall of fire": "miqtu I",
  "īrup|be(come) overcast": "erēpu I",
  "adir|eclipsed": "adāru I",
  "DIB|unclear": "",
  "sekēri|blocking (a canal)": "sekēru I",
  "erib|sun(set)": "erēbu I",
  "Dariamuš|Darius": "Darius I",
  "erēpu|be(come) very overcast": "erēpu I",
  "kabbaru|thick": "kabbaru I",
  "MÚL-e-šá-SAG-GÍR.TAB|β Scorpii": "",
  "Umakuš|Umakuš": "",
  "bikītu|maximal phase (of an eclipse)": "bikītu I",
  "zakû|be(come) clear": "zakû II",
  "HAB-rat|disc": "",
  "nalšu|(nocturnal) dew": "nalšu I",
  "kirû|(fruit) plantation": "kirû I",
  "Esangila|Esangila": "Esaggil I",
  "Šušan|Susa": "",
  "Hana|Hana": "",
  "Saminê|Saminê": "",
  "Kupru|Kupru": "",
  "Iamun-Yammu|Ionian Sea (?)": "",
  "Pallukatu|Pallukatu": "",
  "kurru|kor": "kurru I",
  "magal|very": "magal I",
  "mišhu|train (of meteor)": "mišhu II",
  "dūru|(city) wall": "dūru I",
  "na|sunset to setting": "",
  "šaṭrū|written": "šaṭāru II",
  "manû|(one mina)": "manû II",
  "ina|in/": "ina I",
  "erib|(sun)set": "erbu II",
  "MÚL-x-šá-SAG-GÍR.TAB|β/δ Scorpii": "",
  "Bēlet-bīti|Bēlet-bīti": "",
  "magal|very (much)": "magal I",
  "Šuan|Šuan": "",
  "MÚL-IGI-šá-ALLA-šá-ULÙ|ϑ Cancri": "",
  "Ea-uballiṭ|Ea-uballiṭ": "",
  "ŠUR-GIGIR|β/ζ Tauri": "",
  "MÚL-IGI-šá-ALLA-šá-SI|γ Cancri": "",
  "Nabû-uballissu|Nabû-uballissu": "Nabu-uballissu I",
  "Amēl-ilāni|Amēl-ilāni": "",
  "Bēltiya|Bēltu": "Beltu I",
  "DUL|unclear": "",
  "Šuanna|Šuanna": "Šuana I",
  "bitqu|break(age)": "bitqu I",
  "zēru|seed(s)": "zēru II",
  "Selukeʾa|Seleucia": "",
  "na|na-gauge)": "",
  "Terunu|Terunu": "",
  "mumaʾʾeru|satrap": "muma''eru I",
  "iktešir|be(come) strong": "gašāru I",
  "erēpu|overcast": "erēpu I",
  "4|4": "",
  "ina|around (plus numeral)": "ina I",
  "šulmu|(divine) protection": "šulmu I",
  "MÚL-SIG-šá-SAG-GÍR.TAB|π Scorpii": "",
  "ṣehēru|be(come) small": "ṣehēru I",
  "Razaundu|Razaundu": "",
  "lagaru|(a priest)": "lagaru I",
  "šaṭir|written": "šaṭāru II",
  "ebēr-nāri|Transpotamia": "Eber-nari I",
  "šūtu|south ": "šūtu II",
  "ina|/in": "ina I",
  "UŠ|(time degree)": "",
  "na₁|sunset": "",
  "Artašata|Artašata": "",
  "amāru|be(come)": "amāru I",
  "paggāʾ|jaw": "",
  "kamūnu|(a fungus)": "kamūnu II",
  "sadir|regular": "sadāru I",
  "gišru|(wooden) bar": "gišru I",
  "Egišhurankia|Egišhurankia": "",
  "ereb-šamši|sunset": "erbu II",
  "erbu|(sun)set": "erbu II",
  "Mušēzib|Mušēzib": "Mušezib I",
  "šaṭirma|written": "šaṭāru II",
  "ina|at (plus numeral)": "ina I",
  "šalāmu|be(come) healthy": "šalāmu II",
  "nanmuru|be(come visible)": "amāru I",
  "A.HA|A.HA": ""
}